{
	"textures": {
		"0": "minecraft:item/bow/bow",
		"particle": "minecraft:item/pufferfish"
	},
	"display": {
		"head": {
			"rotation": [0, 180, 0]
		}
	},
	"elements": [
		{
			"from": [7.5, 5.5, 7],
			"to": [8.5, 7.5, 12.8],
			"rotation": {
				"angle": 0,
				"axis": "y",
				"origin": [0, 0, 0]
			},
			"faces": {
				"north": {
					"uv": [1.5, 4.75, 1.75, 5.25],
					"texture": "#0"
				},
				"east": {
					"uv": [5.75, 4.5, 7.25, 5],
					"texture": "#0"
				},
				"south": {
					"uv": [0.25, 8, 0.5, 8.5],
					"texture": "#0"
				},
				"west": {
					"uv": [5.75, 5, 7.25, 5.5],
					"texture": "#0"
				},
				"up": {
					"uv": [2.75, 4.5, 2.5, 3],
					"texture": "#0"
				},
				"down": {
					"uv": [0.25, 7.5, 0, 9],
					"texture": "#0"
				}
			}
		},
		{
			"from": [8.25, 11, 9],
			"to": [8.75, 11.7, 17.8],
			"rotation": {
				"angle": 0,
				"axis": "y",
				"origin": [0, 0, 0]
			},
			"faces": {
				"north": {
					"uv": [3.75, 8, 3.875, 8.125],
					"texture": "#0"
				},
				"east": {
					"uv": [7.5, 0.5, 9.75, 0.625],
					"texture": "#0"
				},
				"south": {
					"uv": [8, 4.75, 8.125, 4.875],
					"texture": "#0"
				},
				"west": {
					"uv": [7.5, 0.75, 9.75, 0.875],
					"texture": "#0"
				},
				"up": {
					"uv": [1.125, 9.75, 1, 7.5],
					"texture": "#0"
				},
				"down": {
					"uv": [1.375, 7.5, 1.25, 9.75],
					"texture": "#0"
				}
			}
		},
		{
			"from": [7, 5, 0],
			"to": [9, 11, 11],
			"rotation": {
				"angle": 0,
				"axis": "y",
				"origin": [0, 0, 0]
			},
			"faces": {
				"north": {
					"uv": [3, 5.5, 3.5, 7],
					"texture": "#0"
				},
				"east": {
					"uv": [0, 0, 2.75, 1.5],
					"texture": "#0"
				},
				"south": {
					"uv": [5.75, 5.5, 6.25, 7],
					"texture": "#0"
				},
				"west": {
					"uv": [0, 1.5, 2.75, 3],
					"texture": "#0"
				},
				"up": {
					"uv": [4.75, 7.75, 4.25, 5],
					"texture": "#0"
				},
				"down": {
					"uv": [5.25, 5, 4.75, 7.75],
					"texture": "#0"
				}
			}
		},
		{
			"from": [6.5, 8.75, 2],
			"to": [9.5, 10.75, 11],
			"rotation": {
				"angle": 0,
				"axis": "y",
				"origin": [0, 0, 0]
			},
			"faces": {
				"north": {
					"uv": [7.25, 6, 8, 6.5],
					"texture": "#0"
				},
				"east": {
					"uv": [5.25, 0, 7.5, 0.5],
					"texture": "#0"
				},
				"south": {
					"uv": [7.25, 6.5, 8, 7],
					"texture": "#0"
				},
				"west": {
					"uv": [5.25, 0.5, 7.5, 1],
					"texture": "#0"
				},
				"up": {
					"uv": [2.5, 5.25, 1.75, 3],
					"texture": "#0"
				},
				"down": {
					"uv": [4.25, 1, 3.5, 3.25],
					"texture": "#0"
				}
			}
		},
		{
			"from": [7.25, 11, 0],
			"to": [8.75, 11.25, 8],
			"rotation": {
				"angle": 0,
				"axis": "y",
				"origin": [0, 0, 0]
			},
			"faces": {
				"north": {
					"uv": [4.5, 8, 4.875, 8.125],
					"texture": "#0"
				},
				"east": {
					"uv": [7.5, 1.5, 9.5, 1.625],
					"texture": "#0"
				},
				"south": {
					"uv": [8, 4.5, 8.375, 4.625],
					"texture": "#0"
				},
				"west": {
					"uv": [7.5, 1.75, 9.5, 1.875],
					"texture": "#0"
				},
				"up": {
					"uv": [3.875, 8, 3.5, 6],
					"texture": "#0"
				},
				"down": {
					"uv": [1.875, 6.25, 1.5, 8.25],
					"texture": "#0"
				}
			}
		},
		{
			"from": [6.75, 4.25, 2],
			"to": [9.25, 6.25, 12],
			"rotation": {
				"angle": 0,
				"axis": "y",
				"origin": [0, 0, 0]
			},
			"faces": {
				"north": {
					"uv": [7.5, 0, 8.125, 0.5],
					"texture": "#0"
				},
				"east": {
					"uv": [5, 2.5, 7.5, 3],
					"texture": "#0"
				},
				"south": {
					"uv": [0.25, 7.5, 0.875, 8],
					"texture": "#0"
				},
				"west": {
					"uv": [5, 3, 7.5, 3.5],
					"texture": "#0"
				},
				"up": {
					"uv": [1.375, 6.5, 0.75, 4],
					"texture": "#0"
				},
				"down": {
					"uv": [4.875, 1, 4.25, 3.5],
					"texture": "#0"
				}
			}
		},
		{
			"from": [6, 7.25, 5],
			"to": [10, 9.25, 11],
			"rotation": {
				"angle": 0,
				"axis": "y",
				"origin": [0, 0, 0]
			},
			"faces": {
				"north": {
					"uv": [7.25, 3.5, 8.25, 4],
					"texture": "#0"
				},
				"east": {
					"uv": [6, 1, 7.5, 1.5],
					"texture": "#0"
				},
				"south": {
					"uv": [7.25, 4, 8.25, 4.5],
					"texture": "#0"
				},
				"west": {
					"uv": [6, 1.5, 7.5, 2],
					"texture": "#0"
				},
				"up": {
					"uv": [5.25, 5, 4.25, 3.5],
					"texture": "#0"
				},
				"down": {
					"uv": [6, 1, 5, 2.5],
					"texture": "#0"
				}
			}
		},
		{
			"from": [7.25, 11, 9],
			"to": [7.75, 11.7, 17.8],
			"rotation": {
				"angle": 0,
				"axis": "y",
				"origin": [0, 0, 0]
			},
			"faces": {
				"north": {
					"uv": [5, 8, 5.125, 8.125],
					"texture": "#0"
				},
				"east": {
					"uv": [7.5, 1, 9.75, 1.125],
					"texture": "#0"
				},
				"south": {
					"uv": [8, 5, 8.125, 5.125],
					"texture": "#0"
				},
				"west": {
					"uv": [7.5, 1.25, 9.75, 1.375],
					"texture": "#0"
				},
				"up": {
					"uv": [7.625, 9.25, 7.5, 7],
					"texture": "#0"
				},
				"down": {
					"uv": [4.375, 7.75, 4.25, 10],
					"texture": "#0"
				}
			}
		},
		{
			"from": [7.5, 4.5, 7],
			"to": [8.5, 5.5, 18.8],
			"rotation": {
				"angle": 0,
				"axis": "y",
				"origin": [0, 0, 0]
			},
			"faces": {
				"north": {
					"uv": [2.5, 5.25, 2.75, 5.5],
					"texture": "#0"
				},
				"east": {
					"uv": [6, 2, 9, 2.25],
					"texture": "#0"
				},
				"south": {
					"uv": [0.75, 6.5, 1, 6.75],
					"texture": "#0"
				},
				"west": {
					"uv": [6, 2.25, 9, 2.5],
					"texture": "#0"
				},
				"up": {
					"uv": [4.25, 9, 4, 6],
					"texture": "#0"
				},
				"down": {
					"uv": [2.25, 6.25, 2, 9.25],
					"texture": "#0"
				}
			}
		},
		{
			"from": [7, 7, 11],
			"to": [9, 11, 17.8],
			"rotation": {
				"angle": 0,
				"axis": "y",
				"origin": [0, 0, 0]
			},
			"faces": {
				"north": {
					"uv": [1, 6.5, 1.5, 7.5],
					"texture": "#0"
				},
				"east": {
					"uv": [0, 3, 1.75, 4],
					"texture": "#0"
				},
				"south": {
					"uv": [3, 7, 3.5, 8],
					"texture": "#0"
				},
				"west": {
					"uv": [3.5, 0, 5.25, 1],
					"texture": "#0"
				},
				"up": {
					"uv": [5.75, 6.25, 5.25, 4.5],
					"texture": "#0"
				},
				"down": {
					"uv": [3, 5.5, 2.5, 7.25],
					"texture": "#0"
				}
			}
		},
		{
			"from": [7.5, 5.5, 16.5],
			"to": [8.5, 7.5, 18.3],
			"rotation": {
				"angle": 0,
				"axis": "y",
				"origin": [0, 0, 0]
			},
			"faces": {
				"north": {
					"uv": [0.5, 8, 0.75, 8.5],
					"texture": "#0"
				},
				"east": {
					"uv": [5.25, 6.25, 5.75, 6.75],
					"texture": "#0"
				},
				"south": {
					"uv": [0.75, 8, 1, 8.5],
					"texture": "#0"
				},
				"west": {
					"uv": [7.5, 2.5, 8, 3],
					"texture": "#0"
				},
				"up": {
					"uv": [2.5, 8.5, 2.25, 8],
					"texture": "#0"
				},
				"down": {
					"uv": [2.75, 8, 2.5, 8.5],
					"texture": "#0"
				}
			}
		},
		{
			"from": [5.5, 7.5, 11.25],
			"to": [9.5, 10.5, 15.05],
			"rotation": {
				"angle": 0,
				"axis": "y",
				"origin": [0, 0, 0]
			},
			"faces": {
				"north": {
					"uv": [6.25, 3.5, 7.25, 4.25],
					"texture": "#0"
				},
				"east": {
					"uv": [6.25, 5.5, 7.25, 6.25],
					"texture": "#0"
				},
				"south": {
					"uv": [6.25, 6.25, 7.25, 7],
					"texture": "#0"
				},
				"west": {
					"uv": [0, 6.75, 1, 7.5],
					"texture": "#0"
				},
				"up": {
					"uv": [2.5, 6.25, 1.5, 5.25],
					"texture": "#0"
				},
				"down": {
					"uv": [6.25, 3.5, 5.25, 4.5],
					"texture": "#0"
				}
			}
		},
		{
			"from": [6.5, 9, 18.75],
			"to": [9.5, 12, 19.8],
			"rotation": {
				"angle": -22.5,
				"axis": "x",
				"origin": [8, 8, 17]
			},
			"faces": {
				"north": {
					"uv": [6.75, 7, 7.5, 7.75],
					"texture": "#0"
				},
				"east": {
					"uv": [1.5, 4, 1.75, 4.75],
					"texture": "#0"
				},
				"south": {
					"uv": [2.25, 7.25, 3, 8],
					"texture": "#0"
				},
				"west": {
					"uv": [2.5, 4.5, 2.75, 5.25],
					"texture": "#0"
				},
				"up": {
					"uv": [8.25, 3.5, 7.5, 3.25],
					"texture": "#0"
				},
				"down": {
					"uv": [5.25, 7.75, 4.5, 8],
					"texture": "#0"
				}
			}
		},
		{
			"from": [7.5, 11, 0],
			"to": [8.5, 12, 2],
			"rotation": {
				"angle": 22.5,
				"axis": "x",
				"origin": [8, 11, 0]
			},
			"faces": {
				"north": {
					"uv": [2.25, 7, 2.5, 7.25],
					"texture": "#0"
				},
				"east": {
					"uv": [5.25, 6.75, 5.75, 7],
					"texture": "#0"
				},
				"south": {
					"uv": [8, 2.75, 8.25, 3],
					"texture": "#0"
				},
				"west": {
					"uv": [8, 2.5, 8.5, 2.75],
					"texture": "#0"
				},
				"up": {
					"uv": [3, 8.5, 2.75, 8],
					"texture": "#0"
				},
				"down": {
					"uv": [3.25, 8, 3, 8.5],
					"texture": "#0"
				}
			}
		},
		{
			"from": [6.85, 1.25, 16.75],
			"to": [9.175, 11.75, 19.55],
			"rotation": {
				"angle": -22.5,
				"axis": "x",
				"origin": [8, 8, 17]
			},
			"faces": {
				"north": {
					"uv": [3.5, 3.25, 4.125, 5.875],
					"texture": "#0"
				},
				"east": {
					"uv": [2.75, 0, 3.5, 2.625],
					"texture": "#0"
				},
				"south": {
					"uv": [0, 4, 0.625, 6.625],
					"texture": "#0"
				},
				"west": {
					"uv": [2.75, 2.75, 3.5, 5.375],
					"texture": "#0"
				},
				"up": {
					"uv": [7.875, 5.25, 7.25, 4.5],
					"texture": "#0"
				},
				"down": {
					"uv": [7.875, 5.25, 7.25, 6],
					"texture": "#0"
				}
			}
		},
		{
			"from": [6.5, 7.5, 19.75],
			"to": [9.5, 8.5, 23.75],
			"rotation": {
				"angle": -22.5,
				"axis": "x",
				"origin": [0, 0, 20]
			},
			"faces": {
				"north": {
					"uv": [6.75, 7.75, 7.5, 8],
					"texture": "#0"
				},
				"east": {
					"uv": [6.25, 4.25, 7.25, 4.5],
					"texture": "#0"
				},
				"south": {
					"uv": [7.75, 7, 8.5, 7.25],
					"texture": "#0"
				},
				"west": {
					"uv": [7.5, 3, 8.5, 3.25],
					"texture": "#0"
				},
				"up": {
					"uv": [6, 8, 5.25, 7],
					"texture": "#0"
				},
				"down": {
					"uv": [6.75, 7, 6, 8],
					"texture": "#0"
				}
			}
		},
		{
			"from": [7.5, 8.75, 18.75],
			"to": [8.5, 9.75, 21],
			"rotation": {
				"angle": 0,
				"axis": "y",
				"origin": [0, 0, 20]
			},
			"faces": {
				"north": {
					"uv": [3.25, 8, 3.5, 8.25],
					"texture": "#0"
				},
				"east": {
					"uv": [7.75, 7.25, 8.375, 7.5],
					"texture": "#0"
				},
				"south": {
					"uv": [3.5, 8, 3.75, 8.25],
					"texture": "#0"
				},
				"west": {
					"uv": [7.75, 7.5, 8.375, 7.75],
					"texture": "#0"
				},
				"up": {
					"uv": [2.5, 6.875, 2.25, 6.25],
					"texture": "#0"
				},
				"down": {
					"uv": [8, 7.75, 7.75, 8.375],
					"texture": "#0"
				}
			}
		}
	]
}